Word,Word Score
kudzu,1534.8082191780823
oxbow,1604.2708592777085
vivid,1744.6575342465753
fuzzy,1754.2129514321296
fluff,1798.6936488169365
infix,1831.1083437110835
whiff,1868.7110834371108
puppy,1874.453611457036
buzzy,1874.8863636363637
chuff,1876.7982565379825
civic,1885.338107098381
mummy,1888.0186799501869
jiffy,1937.8318804483188
pygmy,1957.2465753424658
duffy,1966.5516811955167
chuck,1967.1861768368617
puffy,1973.0342465753424
mimic,1975.9315068493152
pobox,1999.3399750933997
ababa,2013.1133250311332
jumpy,2022.1597135740972
bluff,2022.5264632627645
gummy,2037.7736612702365
volvo,2043.3530510585306
jimmy,2054.7876712328766
jumbo,2055.4632627646324
known,2058.6114570361146
dizzy,2058.656600249066
kafka,2059.7951432129516
mamma,2061.2378580323784
muggy,2061.788605230386
whoop,2063.390410958904
injun,2074.956413449564
buggy,2076.753424657534
gruff,2081.6251556662514
hubby,2082.064134495641
dummy,2083.2770859277707
muddy,2095.815691158157
minim,2105.591531755915
which,2108.4713574097136
buddy,2111.1158156911583
mommy,2123.686799501868
hooch,2129.145703611457
scuff,2129.2235367372355
poppy,2129.7876712328766
cuzco,2129.8318804483188
humus,2132.799501867995
bobby,2139.753424657534
kappa,2140.6164383561645
mixup,2140.930884184309
wolff,2142.437110834371
plump,2156.7742839352427
skiff,2158.470423412204
chick,2163.381693648817
swiss,2163.430884184309
chock,2164.3150684931506
buxom,2170.614881693649
vigil,2179.6453922789538
junky,2180.675591531756
vinci,2181.3536737235368
stuff,2185.317559153176
cubby,2187.7590286425902
fifth,2194.352117061021
kombu,2194.3997509339974
chump,2195.9632627646324
essex,2195.9900373599003
gypsy,2196.0102739726026
knick,2201.5018679950185
papaw,2202.26899128269
livid,2203.453300124533
quick,2204.1002490660026
mucus,2205.848381070984
knock,2209.788293897883
gibby,2211.9707347447074
motto,2213.161892901619
foggy,2213.860523038605
cluck,2214.571606475716
gamma,2214.6388542963887
jazzy,2217.1245330012453
booby,2218.80697384807
hutch,2221.9657534246576
magma,2225.2241594022416
giddy,2227.4162515566627
gumbo,2227.6587795765877
pampa,2230.815379825654
quaff,2241.109589041096
dumpy,2242.2615193026154
fussy,2243.4246575342468
hunch,2245.348381070984
mazda,2251.687422166874
fully,2252.3754669987547
hindi,2253.5348692403486
snuff,2254.1466376089666
widow,2255.6217310087172
quinn,2255.9623287671234
bumpy,2258.7770859277707
gibbs,2260.758405977584
piggy,2261.0199252801995
swoop,2264.3913449564134
bongo,2267.5753424657532
fuchs,2269.46699875467
hippy,2270.5283312577835
goofy,2270.937110834371
hough,2271.609589041096
funny,2272.6052303860524
cubic,2272.7266500622663
tizzy,2273.8717310087172
madam,2274.5890410958905
nymph,2274.656288916563
woody,2277.275217932752
beebe,2277.977584059776
biddy,2278.927459526775
quill,2280.5728518057285
vicky,2280.585305105853
idyll,2284.7135740971357
spoof,2285.582191780822
skunk,2290.758405977584
pussy,2291.3278331257784
mccoy,2291.3362391033625
thump,2291.5582191780823
cliff,2291.854296388543
funky,2292.1201743462016
gunny,2292.2157534246576
mooch,2294.810087173101
vying,2295.295765877958
thumb,2297.002801992528
hobby,2298.934308841843
shish,2300.692403486924
boggy,2301.746575342466
spook,2303.2201120797013
tooth,2303.431506849315
nixon,2305.6117683686175
plumb,2305.635118306351
kinky,2306.133872976339
gizmo,2309.109589041096
kyoto,2309.3938356164385
flynn,2309.906600249066
affix,2310.0479452054797
tight,2310.6214196762144
lymph,2310.930884184309
skulk,2313.60398505604
gully,2313.7322540473224
assam,2314.322540473225
biggs,2314.5790784557908
tokyo,2314.6849315068494
rufus,2316.439601494396
flood,2319.648816936488
psych,2319.7244707347445
nikko,2319.8119551681198
gunky,2319.8991282689913
fungi,2320.095579078456
booky,2320.724782067248
amman,2320.824408468244
pooch,2321.3636363636365
lipid,2321.7185554171856
queue,2321.931506849315
cocky,2323.2951432129516
scoff,2324.7391033623912
gloom,2324.7559153175594
thigh,2325.106787048568
fjord,2327.4377334993774
usurp,2328.0143212951434
putty,2328.082191780822
mugho,2328.2154420921543
chomp,2329.5678704856787
wholl,2329.9003735990036
idiom,2329.902864259029
civil,2330.011207970112
chunk,2332.2185554171856
abbas,2335.1186176836864
onion,2335.2845579078457
level,2335.3362391033625
czech,2335.5566625155666
lilly,2335.5790784557908
myrrh,2337.554171855542
forgo,2337.9019302615193
stiff,2338.3910336239105
hitch,2339.2067247820673
swish,2340.672478206725
skull,2340.9221668742216
bully,2341.323785803238
hobbs,2342.0087173100874
aback,2342.24501867995
bloom,2343.6992528019923
timid,2345.3038605230386
whisk,2346.633872976339
juror,2346.8356164383563
dully,2346.876712328767
rummy,2347.5616438356165
grump,2348.135118306351
fifty,2348.1444582814447
goody,2348.296388542964
walla,2348.6114570361146
ising,2349.02397260274
pluck,2350.4635740971357
ruddy,2350.835927770859
embed,2351.614881693649
vichy,2351.6799501867995
bunny,2355.7048567870484
glyph,2356.1223536737234
hondo,2356.2235367372355
musky,2358.0977584059774
dobbs,2360.236612702366
rever,2360.294520547945
expel,2360.316936488169
moody,2361.5348692403486
rigid,2362.220423412204
shuck,2363.2235367372355
congo,2363.445828144458
chaff,2364.4813200498133
bloop,2364.615193026152
couch,2365.1145703611455
click,2366.555105853051
dacca,2366.582191780822
husky,2367.3505603985054
proof,2367.5040473225404
fight,2368.6687422166874
photo,2368.7079701120797
gimpy,2368.951432129514
algal,2369.4047322540473
digit,2370.1136363636365
visit,2371.4800747198005
furry,2371.6481942714818
hippo,2371.959215442092
flung,2371.963885429639
jewel,2372.551369863014
bosom,2372.9856787048566
groom,2373.398505603985
howdy,2373.633872976339
grimm,2374.659402241594
brook,2375.027397260274
jolly,2375.4551681195517
papua,2376.5180572851805
finny,2376.5479452054797
witty,2377.799501867995
clock,2378.0236612702365
shook,2381.0890410958905
pappy,2381.686799501868
vouch,2381.9411581569116
junco,2382.095890410959
punky,2382.678704856787
flunk,2384.2378580323784
wedge,2384.486301369863
occur,2384.596513075965
peppy,2385.8720423412205
sniff,2387.714508094645
twist,2387.7185554171856
exude,2388.1270236612704
blood,2388.7011207970113
gregg,2388.9925280199254
cinch,2389.0270859277707
skimp,2389.223225404732
cooky,2389.247820672478
zilch,2389.2643212951434
knapp,2389.569738480697
llama,2389.7509339975095
dusky,2389.788293897883
dying,2389.895703611457
width,2390.3150684931506
lolly,2390.4769613947697
micky,2391.069738480697
pewee,2391.832191780822
bulky,2393.154420921544
flick,2393.4981320049815
broom,2394.720423412204
swung,2394.8953922789538
humid,2395.038605230386
filly,2395.5031133250313
agway,2395.508405977584
clump,2396.1357409713573
macaw,2397.0563511830637
amass,2397.80199252802
tappa,2398.9975093399753
kitty,2399.069115815691
cynic,2399.897882938979
daddy,2399.9520547945203
refer,2400.5479452054797
jowly,2401.1472602739727
winch,2402.150684931507
picky,2402.678393524284
knoll,2403.7982565379825
lloyd,2403.7982565379825
stump,2404.280821917808
vaduz,2404.524906600249
nawab,2406.0952677459527
sushi,2408.1397882938977
jesse,2408.2017434620175
lumpy,2408.597135740971
chili,2408.785803237858
witch,2408.8474470734745
muzak,2409.1055417185553
scoop,2409.5074719800746
byway,2409.9495641344956
busch,2410.2391033623912
tippy,2410.407222914072
scops,2411.5454545454545
buick,2411.694271481943
phlox,2411.934308841843
flock,2413.9000622665008
primp,2414.3505603985054
check,2415.6301369863013
fitch,2415.714196762142
pupil,2416.519302615193
butch,2416.8555417185553
pushy,2417.319738480697
lucky,2418.925280199253
pizza,2420.5728518057285
orono,2422.4545454545455
brood,2423.2353673723537
twill,2423.359900373599
finch,2424.574097135741
spunk,2425.548567870486
nroff,2426.3698630136987
munch,2426.921232876712
conch,2428.6198630136987
plaza,2428.868306351183
crock,2429.2294520547944
windy,2429.3449564134494
knott,2429.362079701121
allyl,2433.000622665006
lobby,2433.4601494396015
ninth,2433.530199252802
droop,2434.818181818182
whack,2435.176836861768
bough,2435.6615815691157
crook,2435.7658779576586
bunch,2436.4819427148195
punch,2436.7826899128268
crumb,2437.2552926525527
yukon,2438.0946450809465
effie,2438.157222914072
squid,2438.5283312577835
knack,2440.0037359900375
manna,2441.8807596513075
gulch,2442.8608343711085
mushy,2443.5454545454545
japan,2444.4757160647573
emcee,2444.656911581569
chink,2444.703611457036
cobol,2445.4109589041095
dwell,2445.557907845579
dutch,2445.8807596513075
peepy,2446.128891656289
rotor,2447.909402241594
coypu,2448.6911581569116
bundy,2448.922789539228
chill,2449.134495641345
daffy,2449.1933374844334
papal,2449.285491905355
kajar,2450.0264632627645
thick,2450.591531755915
codon,2450.626400996264
booth,2450.648816936488
verve,2450.785803237858
igloo,2452.162515566625
folly,2452.598381070984
fever,2453.8773349937733
excel,2454.1018057285182
quirk,2454.177459526775
vacua,2455.2481320049815
mulch,2455.7580946450807
snook,2456.433686176837
hying,2456.4772727272725
dough,2456.541095890411
comic,2457.1270236612704
irvin,2457.1369863013697
spitz,2457.5980697384807
kazoo,2458.1849315068494
floyd,2458.220423412204
mezzo,2458.8468244084684
titus,2458.8630136986303
might,2459.0784557907846
filch,2459.7932752179327
jesus,2460.876712328767
bayda,2461.752801992528
dixon,2461.9115815691157
troff,2462.2608966376088
wispy,2462.6114570361146
bushy,2462.777397260274
crump,2463.4900373599003
quack,2463.7496886674967
drury,2465.449875466999
accra,2467.9165628891656
frock,2469.2188667496885
hindu,2469.323785803238
ditty,2469.340597758406
blimp,2470.211706102117
tommy,2470.3044831880447
missy,2470.310398505604
burro,2470.4576587795764
allah,2470.5342465753424
cupid,2470.5448318804483
miami,2470.719178082192
irwin,2471.074719800747
stoop,2471.2814445828144
cheek,2471.849315068493
muong,2472.387297633873
levee,2473.097135740971
fluid,2473.4741594022416
dingy,2473.5127646326277
hanna,2473.6917808219177
fling,2474.633872976339
bezel,2474.69302615193
wound,2476.3630136986303
greer,2476.941469489415
found,2478.6659402241594
stuck,2478.885118306351
hurry,2479.102117061021
flown,2479.763387297634
swift,2480.093711083437
pouch,2480.219800747198
fugue,2480.4825653798257
cough,2480.628891656289
scull,2480.6575342465753
maxim,2480.840597758406
weedy,2480.870485678705
didnt,2481.8446450809465
juicy,2482.8748443337486
sixth,2483.699875466999
cycad,2484.047322540473
swill,2484.2552926525527
flush,2485.6301369863013
young,2486.0753424657532
block,2486.1173723536735
plunk,2486.761207970112
jacky,2487.4349315068494
withy,2488.1905354919054
wishy,2488.205479452055
youll,2488.428082191781
murky,2488.547322540473
toddy,2488.8580323785804
debby,2489.087484433375
quell,2489.4825653798257
ohmic,2489.6519302615193
snoop,2490.6226650062267
bevel,2490.783312577833
billy,2491.455790784558
teeth,2491.4925280199254
frick,2491.677459526775
theft,2491.75
meiji,2492.8630136986303
mossy,2493.5180572851805
estes,2493.7596513075964
nylon,2494.2699252801995
pitch,2494.993773349938
tweed,2495.27397260274
truth,2496.3262764632627
blurb,2496.541407222914
filmy,2496.5890410958905
hedge,2497.769302615193
eject,2498.887920298879
skill,2499.6453922789538
eddie,2499.682440846824
graff,2499.97198007472
potts,2500.780821917808
unify,2501.5080946450807
fritz,2502.967621419676
ought,2503.6052303860524
fusty,2503.879202988792
judge,2504.681818181818
ember,2505.4190535491907
typic,2505.7462640099625
weber,2506.5155666251558
molly,2506.6313823163136
dewey,2506.7322540473224
downy,2507.714508094645
golly,2507.72602739726
druid,2507.9660647571604
radar,2508.934620174346
gawky,2509.4785180572853
slush,2509.6581569115815
hilly,2510.9604607721044
annal,2511.107098381071
burch,2511.494396014944
slump,2511.8991282689913
fishy,2512.0205479452056
peggy,2512.0423412204236
admix,2512.1036737235368
assay,2512.4968866749687
climb,2512.7559153175594
awash,2513.2814445828144
spoon,2513.7073474470735
shock,2513.815691158157
rooky,2514.2761519302617
focus,2514.4769613947697
vinyl,2515.435865504359
annum,2515.5535491905357
clomp,2515.5728518057285
abyss,2516.2730386052303
swing,2516.324408468244
pinch,2516.4047322540473
sweep,2516.7313200498133
calla,2517.2135740971357
worry,2517.763698630137
tampa,2518.068181818182
milky,2518.788293897883
burtt,2518.8396637608967
dingo,2519.3829389788293
debug,2519.5373599003738
baggy,2520.3424657534247
exxon,2521.430261519303
bitch,2521.798567870486
blinn,2522.288293897883
bogus,2522.728829389788
khaki,2523.1257783312576
blitz,2523.851183063512
tilth,2524.2733499377337
magna,2524.5180572851805
forum,2525.0
brock,2525.1136363636365
canna,2525.214196762142
spill,2525.5924657534247
bossy,2525.640722291407
ionic,2525.681195516812
mckee,2525.6849315068494
alpha,2526.195205479452
usury,2526.2559153175594
mecum,2526.838107098381
abram,2527.323163138232
spasm,2527.328767123288
paddy,2527.4190535491907
riggs,2528.3686176836864
would,2528.6363636363635
hilum,2528.6578455790786
dolly,2528.935242839352
folio,2529.048567870486
ditch,2529.178082191781
limit,2529.3518057285182
beech,2529.626712328767
night,2529.7845579078457
luzon,2530.0448318804483
ditto,2531.4654420921543
beefy,2531.826899128269
evoke,2532.25
defer,2532.277397260274
boson,2532.6600249066
award,2533.461394769614
rondo,2534.2216687422165
honky,2534.6052303860524
itchy,2534.6855541718555
music,2534.9427148194272
situs,2535.0616438356165
gloss,2535.2932752179327
opium,2535.768368617684
crowd,2535.8729763387296
essen,2535.8947696139476
curry,2536.04296388543
plush,2536.220423412204
perez,2536.52397260274
delve,2536.6967621419676
indus,2537.612079701121
quint,2537.681195516812
bound,2537.876712328767
assai,2538.4050435865506
odium,2538.5
milch,2538.609589041096
group,2538.785803237858
kiosk,2539.059775840598
guild,2539.3941469489414
queen,2540.0143212951434
happy,2540.591531755915
idiot,2541.406911581569
kulak,2542.041095890411
wheel,2542.7210460772103
zomba,2542.922789539228
david,2543.1419676214196
stunt,2543.3122665006226
shyly,2543.587795765878
awful,2544.290784557908
trump,2544.9383561643835
mound,2546.2391033623912
blown,2546.651307596513
rowdy,2546.655666251557
ghana,2546.85398505604
booty,2547.573163138232
belle,2548.5479452054797
rutty,2548.8966376089666
champ,2548.9601494396015
think,2549.505603985056
degum,2549.629202988792
pasha,2549.9595267745954
minsk,2550.321917808219
nitty,2551.097135740971
roomy,2551.1600249066
spool,2551.458904109589
verge,2551.469489414695
wrong,2551.5753424657532
yucca,2551.988792029888
mckay,2552.048567870486
clung,2552.291407222914
allan,2552.840597758406
bliss,2553.0286425902864
thing,2553.1326276463265
geese,2553.351494396015
stood,2553.3686176836864
shift,2553.6550435865506
punic,2553.8804483188046
drunk,2554.205479452055
allay,2554.8611457036113
blink,2554.966687422167
deneb,2554.9828767123286
mafia,2555.0610211706103
proxy,2555.1821295143213
jukes,2555.3897882938977
hesse,2555.6279576587795
union,2555.6687422166874
bette,2556.204234122042
holly,2556.671232876712
wacky,2557.1550435865506
butyl,2557.3082191780823
frown,2557.7132627646324
botch,2557.997198007472
wring,2558.6609589041095
queer,2558.6643835616437
input,2558.727895392279
karma,2558.9165628891656
troop,2559.049813200498
bylaw,2559.252801992528
dixie,2559.526774595268
sinus,2559.6777708592776
grown,2560.068493150685
pound,2560.3748443337486
event,2561.3116438356165
tough,2561.7764632627645
adapt,2561.8421544209214
bronx,2561.886674968867
shoot,2561.9053549190535
spiky,2562.5516811955167
sloop,2562.650684931507
mambo,2562.6992528019923
bambi,2562.9897260273974
stomp,2563.421232876712
halma,2563.4464508094643
squaw,2563.681506849315
swamp,2563.7596513075964
whelk,2564.1771481942715
pagan,2564.814757160648
rajah,2564.9968866749687
jelly,2565.301369863014
robot,2565.8200498132005
wyman,2565.8318804483188
build,2566.140722291407
breve,2566.672478206725
tempt,2566.922789539228
blush,2566.986301369863
pithy,2567.1046077210462
gusty,2567.263387297634
lynch,2567.3007471980077
bloch,2567.5342465753424
conic,2567.6357409713573
filth,2567.892901618929
bragg,2568.387297633873
joust,2568.530199252802
verde,2568.683063511831
staff,2568.8695516811954
panda,2568.9673100871732
apply,2569.5865504358653
stout,2569.6472602739727
soggy,2569.7291407222915
smoky,2570.2627646326277
hydro,2570.3412204234123
flack,2570.4794520547944
cumin,2570.4822540473224
thong,2570.846201743462
wyatt,2571.1849315068494
doubt,2571.3337484433373
limbo,2572.2615193026154
dwarf,2572.4221668742216
sully,2572.4981320049815
villa,2572.6419676214196
brick,2572.7543586550437
bawdy,2573.2378580323784
naval,2573.9928393524283
elves,2574.1158156911583
musty,2574.8617683686175
greek,2574.8729763387296
toxic,2574.934620174346
coyly,2574.956413449564
exert,2575.2353673723537
prick,2575.3082191780823
gould,2576.3412204234123
playa,2576.451432129514
proto,2576.5454545454545
abash,2576.883872976339
truck,2577.92403486924
lying,2577.970423412204
bosch,2578.082191780822
mcgee,2578.683063511831
qualm,2578.793897882939
tatty,2579.881693648817
stunk,2579.931506849315
motor,2580.137297633873
child,2580.2129514321296
thrum,2580.3262764632627
floor,2580.483188044832
nifty,2581.2503113325033
cocoa,2582.0376712328766
hound,2582.294520547945
hatch,2582.3088418430884
mouth,2582.4925280199254
kapok,2582.9763387297635
tepee,2583.016189290162
jenny,2583.3636363636365
upton,2583.519302615193
russo,2583.7135740971357
hamal,2584.04296388543
ghoul,2584.06600249066
shoji,2584.0784557907846
mould,2584.329389788294
stung,2584.337173100872
fudge,2584.340597758406
offal,2584.5734744707347
kirby,2585.0
sunny,2585.0591531755917
lucid,2585.640410958904
runny,2585.6531755915316
kodak,2585.8356164383563
ryder,2586.519302615193
axial,2586.9551681195517
greed,2586.9906600249064
wally,2587.043586550436
gross,2587.4109589041095
thatd,2587.4408468244083
lunch,2587.5130759651306
shown,2587.8066625155666
whelp,2588.0672478206725
vixen,2588.2403486924036
tying,2588.2409713574098
parka,2588.453300124533
dakar,2588.5118306351183
inman,2588.7459526774596
dowry,2589.1939601494396
porto,2589.5977584059774
donor,2589.609589041096
showy,2589.671232876712
truss,2589.758405977584
india,2589.991594022416
quilt,2590.315691158157
xylem,2590.5949564134494
wormy,2590.6491282689913
kidde,2591.1335616438355
virgo,2591.3480697384807
guess,2591.3841843088417
bleed,2591.477895392279
taffy,2591.6282689912828
minus,2591.7048567870484
deere,2592.3396637608967
boost,2592.3474470734745
stick,2592.409713574097
gutsy,2592.478206724782
cotty,2593.809775840598
ledge,2594.849315068493
kirov,2594.889476961395
keyes,2595.123287671233
omaha,2595.216687422167
magog,2595.458281444583
swede,2595.513698630137
gourd,2595.837484433375
touch,2595.958904109589
cacao,2596.1254669987547
wordy,2596.9022415940226
index,2597.090909090909
every,2597.7347447073475
vodka,2597.931506849315
fleck,2597.993773349938
throw,2598.275217932752
tinny,2598.342777085928
grebe,2598.3518057285182
crimp,2598.5616438356165
lanka,2598.711394769614
avian,2599.064134495641
boron,2599.0728518057285
shill,2599.1793275217933
willa,2599.7462640099625
moron,2599.769613947696
samba,2599.8630136986303
youth,2600.4134495641347
scoot,2601.2817559153177
blind,2601.667496886675
pupal,2603.343088418431
proud,2603.7409713574098
habib,2604.1301369863013
sooth,2604.3446450809465
dusty,2605.2067247820673
judas,2605.228206724782
smith,2605.2702366127023
gusto,2605.3166251556663
moldy,2605.544520547945
ellen,2605.680261519303
rough,2606.309775840598
rocky,2606.3206724782067
drama,2606.678393524284
fauna,2606.774595267746
clink,2606.840909090909
frill,2607.1967621419676
bebop,2607.2895392278956
polio,2607.458281444583
sight,2607.8645703611455
snick,2607.9265255292653
brown,2608.337484433375
scott,2608.838729763387
gorky,2609.3723536737234
sulky,2610.283312577833
amoco,2610.3200498132005
chess,2610.436799501868
whelm,2610.564134495641
cabal,2611.4333748443337
haifa,2611.547322540473
wharf,2611.564757160648
engel,2611.645080946451
oxeye,2611.6737235367373
tutor,2611.6737235367373
trust,2612.3580323785804
album,2612.4869240348694
speed,2612.612079701121
light,2612.65099626401
syrup,2613.1905354919054
chord,2613.323785803238
motif,2613.3726650062267
smash,2613.438667496887
colon,2613.499377334994
beget,2613.544209215442
chirp,2613.5778331257784
sykes,2614.0423412204236
crack,2614.3206724782067
sheep,2614.35398505604
breed,2614.431506849315
egypt,2615.4635740971357
caddy,2615.4981320049815
whatd,2615.5784557907846
leggy,2615.6335616438355
cubit,2615.7848692403486
grind,2615.9053549190535
farad,2616.0258405977584
drown,2616.159713574097
where,2616.6861768368617
catch,2617.0242839352427
clown,2617.387920298879
cindy,2617.996575342466
offer,2618.1416562889167
turvy,2618.6145703611455
feces,2618.699875466999
julep,2619.1827521793275
stock,2619.21201743462
augur,2619.510585305106
optic,2619.598381070984
newel,2619.8424657534247
jacob,2620.0068493150684
never,2620.3698630136987
xenon,2620.4143835616437
gauzy,2620.52397260274
waltz,2621.1369863013697
olson,2621.6382316313825
pivot,2621.8281444582813
vetch,2622.090286425903
derek,2622.379514321295
quito,2622.733810709838
stint,2622.847135740971
ghost,2622.915317559153
xerox,2623.302615193026
melee,2623.304794520548
qatar,2623.4408468244083
black,2623.7235367372355
krill,2623.941469489415
heigh,2624.214196762142
fatty,2624.4925280199254
scrub,2625.152864259029
frond,2625.3770236612704
vomit,2625.6301369863013
booze,2626.0644458281445
swell,2626.192403486924
porch,2626.2904732254046
notch,2626.604296388543
avail,2626.902864259029
strut,2627.7789539227897
kelly,2628.0074719800746
befog,2628.458904109589
telex,2628.51400996264
shrug,2628.6609589041095
blond,2629.019302615193
wreck,2629.1005603985054
drink,2629.3574097135743
jolla,2629.48100871731
kneel,2629.7353673723537
colic,2629.788293897883
fanny,2629.82098381071
dryad,2629.925902864259
kabul,2630.6687422166874
prong,2630.7783312577835
fugal,2630.9464508094643
sylow,2630.972602739726
privy,2631.0753424657532
irish,2631.4321295143213
budge,2631.516189290162
quark,2631.5208592777085
cloud,2631.747820672478
bring,2632.2876712328766
birch,2632.3334371108344
exile,2632.3773349937733
shrub,2632.463885429639
croon,2632.7210460772103
sough,2632.7257160647573
flaky,2632.8751556662514
drift,2632.909090909091
sixty,2633.3172478206725
study,2633.488792029888
phony,2633.6690535491907
darpa,2633.7671232876714
comma,2633.8717310087172
elver,2634.4218555417187
dandy,2635.065379825654
scowl,2635.321295143213
elegy,2635.4109589041095
julio,2635.447384806974
squad,2635.455790784558
dwyer,2635.859277708593
river,2636.030199252802
crypt,2636.271793275218
jerry,2636.4679327521794
equip,2637.0672478206725
naacp,2637.181818181818
dross,2637.6382316313825
alibi,2637.9000622665008
allow,2638.0090286425902
gauss,2638.0214819427147
watch,2639.0108966376088
fount,2639.2677459526776
modem,2639.3446450809465
brush,2639.9545454545455
edwin,2640.211083437111
zeiss,2640.431195516812
steve,2640.5890410958905
osaka,2640.9050435865506
enemy,2641.194271481943
chalk,2641.492216687422
leech,2641.530510585305
midst,2641.6046077210462
quirt,2641.945828144458
iraqi,2643.3919676214196
brink,2643.5255292652555
aruba,2643.5367372353676
toxin,2643.6052303860524
right,2643.906288916563
worth,2644.1033623910334
still,2644.2434620174345
umbra,2645.3477584059774
trout,2645.80199252802
cling,2646.4405354919054
monic,2646.6905354919054
wyeth,2646.8586550435866
throb,2647.0423412204236
froth,2647.1793275217933
ingot,2647.246575342466
needy,2648.135118306351
etude,2648.197073474471
calyx,2648.3561643835615
theme,2648.7272727272725
amply,2648.920298879203
virus,2648.972602739726
fatal,2649.5339352428396
folic,2649.5566625155666
yemen,2649.7590286425902
mulct,2650.06600249066
slunk,2650.3524283935244
slosh,2650.5059153175594
felix,2651.0180572851805
genii,2651.024906600249
wrack,2651.256226650062
month,2651.257783312578
spout,2651.440224159402
grimy,2651.635118306351
quash,2651.9707347447074
sachs,2652.02397260274
laban,2652.6167496886674
dally,2652.945205479452
creek,2653.323163138232
smack,2653.904109589041
lossy,2654.0460772104607
bonus,2654.2428393524283
mousy,2654.307596513076
dodge,2654.3300124533002
malay,2654.357721046077
flank,2654.8418430884185
colby,2655.0672478206725
again,2655.231631382316
chevy,2655.2490660024905
kevin,2655.5448318804483
grill,2655.581569115816
veery,2655.96201743462
could,2656.467621419676
lever,2656.5756537982566
multi,2656.807596513076
ether,2656.9794520547944
speck,2657.2104607721044
tenet,2657.6027397260273
flout,2657.931506849315
snowy,2658.047322540473
pyrex,2658.0790784557908
usual,2658.677459526775
endow,2659.043586550436
paula,2659.1326276463265
engle,2659.2391033623912
merge,2659.310398505604
growl,2659.357721046077
stink,2659.3835616438355
forth,2659.7229140722293
aloof,2659.9844333748442
cowry,2660.5784557907846
mobil,2660.835305105853
upend,2660.8897882938977
stilt,2660.9900373599003
zloty,2661.049190535492
steep,2661.0946450809465
tipsy,2661.342777085928
ozone,2661.4059775840597
savvy,2661.445828144458
scamp,2662.0236612702365
flask,2662.2104607721044
glass,2662.2755292652555
swank,2662.3997509339974
dubhe,2662.480386052304
slung,2662.676836861768
spell,2663.6410336239105
getty,2663.793897882939
lingo,2663.9461394769614
crown,2663.9962640099625
ketch,2664.5516811955167
glenn,2665.2789539227897
becky,2665.552615193026
chang,2665.8499377334992
teddy,2666.666874221669
clamp,2666.78300124533
shunt,2666.7845579078457
sweet,2666.8580323785804
dugan,2667.3835616438355
hyman,2667.478206724782
pepsi,2667.5108966376088
novak,2667.7020547945203
chewy,2667.769613947696
elude,2667.8412204234123
patty,2668.109589041096
tulip,2668.1662515566627
cheer,2668.2322540473224
tunic,2668.5865504358653
revel,2668.5952677459527
error,2668.695828144458
bigot,2668.8094645080946
welch,2668.8527397260273
crush,2668.930261519303
shack,2668.945205479452
blatz,2669.0946450809465
incur,2669.1609589041095
jeres,2669.7475093399753
given,2670.013698630137
allyn,2670.052926525529
gassy,2670.5395392278956
wuhan,2670.753424657534
fetch,2670.813200498132
addis,2670.8729763387296
ethel,2670.9900373599003
flail,2671.5
tibia,2671.692403486924
weigh,2672.134495641345
franz,2672.1927148194272
danny,2672.2409713574098
jerky,2672.285180572852
fence,2673.120797011208
misty,2673.1880448318802
stash,2673.808530510585
denny,2673.9757160647573
depth,2674.0924657534247
cross,2674.178082191781
churn,2674.5582191780823
umber,2674.8306351183064
sting,2674.915317559153
sword,2675.0108966376088
waals,2675.205479452055
wendy,2675.2714819427147
begun,2675.4159402241594
beige,2675.708281444583
kumar,2675.808530510585
array,2676.301369863014
petty,2676.7895392278956
bless,2677.301369863014
khmer,2677.47198007472
drool,2677.480697384807
cajun,2677.53798256538
aphid,2677.835927770859
razor,2678.0563511830637
wilma,2678.2123287671234
divan,2678.285491905355
hausa,2678.477584059776
ascii,2678.477584059776
attic,2678.5118306351183
droll,2678.673100871731
annul,2678.692403486924
prior,2678.944894146949
iliad,2679.1304483188046
abbot,2679.261207970112
freud,2679.2820672478206
deuce,2679.455479452055
fleet,2679.45703611457
furze,2680.25
amiss,2680.376400996264
meyer,2680.429638854296
drill,2680.442403486924
durer,2680.518368617684
havoc,2680.814134495641
trick,2681.1609589041095
slick,2681.3533623910334
cyrus,2681.408468244085
labia,2681.5052926525527
await,2681.5644458281445
lofty,2681.6027397260273
dogma,2681.793586550436
croft,2681.828767123288
balky,2682.1002490660026
nudge,2682.1961394769614
swept,2682.3449564134494
odell,2682.364881693649
logic,2682.5865504358653
trudy,2682.8424657534247
geode,2682.977584059776
sioux,2683.0563511830637
belly,2683.1671855541717
malta,2683.409090909091
hurty,2683.595890410959
prowl,2684.1055417185553
gecko,2684.74501867995
emery,2684.8010585305105
fluke,2685.0809464508093
goode,2685.0996264009964
byron,2685.387297633873
croix,2685.4520547945203
small,2685.518368617684
dietz,2686.1130136986303
creep,2687.0236612702365
sappy,2687.2266500622663
topic,2687.2786425902864
shout,2687.445205479452
objet,2687.477584059776
mania,2687.5292652552926
sturm,2687.7615193026154
match,2687.783312577833
stool,2687.7988792029887
elbow,2687.9511207970113
spurt,2688.044520547945
soupy,2688.148816936488
joint,2688.178082191781
strum,2688.19800747198
phyla,2688.818181818182
fruit,2688.8480697384807
ferry,2689.172789539228
girth,2689.17403486924
criss,2689.2163760896638
larva,2689.4025529265255
nerve,2689.4109589041095
trunk,2689.584371108344
egret,2689.650684931507
afoot,2689.717621419676
silly,2690.478829389788
hetty,2690.497820672478
dhabi,2690.5448318804483
banal,2690.6771481942715
betty,2690.700809464508
patti,2690.7783312577835
libel,2690.82098381071
reedy,2690.887920298879
kerry,2690.923100871731
sedge,2691.1089663760895
mynah,2691.40099626401
weiss,2691.486301369863
lilac,2691.8888542963887
flint,2692.623599003736
myron,2692.744396014944
bruno,2692.8804483188046
stamp,2693.0999377334992
skeet,2693.703611457036
quest,2693.8723536737234
messy,2694.2702366127023
rubin,2694.455479452055
smirk,2694.5840597758406
gavin,2695.0588418430884
synod,2695.4190535491907
chasm,2695.4623287671234
pluto,2695.650684931507
bedim,2695.6849315068494
prism,2695.7456413449563
brisk,2695.844333748443
patch,2695.845890410959
spicy,2695.9906600249064
epoxy,2696.815691158157
banjo,2696.978829389788
mirth,2696.9847447073475
butte,2697.2229140722293
locus,2697.2742839352427
devil,2697.2892278953923
nancy,2697.321917808219
gaudy,2697.40099626401
creed,2698.5476338729763
algol,2698.582191780822
blank,2699.2864259028643
vowel,2699.6226650062267
basal,2699.659713574097
benny,2699.9772727272725
femur,2700.0108966376088
sprig,2700.0996264009964
leeds,2700.118306351183
third,2700.1945828144458
iliac,2700.230386052304
mangy,2700.477895392279
topsy,2700.4919053549193
theyd,2700.5143212951434
guilt,2700.7011207970113
broth,2700.890410958904
penny,2701.25
alamo,2702.1444582814447
timex,2702.205479452055
diana,2702.351183063512
pixel,2702.5622665006226
blunt,2702.7344333748442
balsa,2702.8044831880447
junta,2703.0118306351183
coors,2703.373287671233
mocha,2703.569115815691
janus,2703.6192403486925
angus,2703.7596513075964
smell,2703.76899128269
tenth,2704.177459526775
seven,2704.214508094645
grunt,2704.2503113325033
macho,2704.3897882938977
sammy,2705.203611457036
woven,2705.253424657534
sybil,2705.392901618929
kathy,2705.4579701120797
ampex,2705.469178082192
ozark,2705.4909713574098
sibyl,2705.612702366127
evade,2705.6880448318802
birth,2705.9539227895393
spawn,2706.22602739726
codex,2706.618929016189
mount,2706.6369863013697
agave,2706.6749688667496
prexy,2706.7870485678704
empty,2706.9931506849316
datum,2707.2095267745954
verdi,2707.629514321295
peste,2707.991594022416
sonny,2708.5616438356165
batch,2709.139476961395
midge,2709.5977584059774
washy,2709.607721046077
these,2709.72602739726
round,2709.76899128269
devon,2709.887920298879
naiad,2710.190224159402
deter,2710.3698630136987
gerry,2710.5018679950185
ogden,2710.5367372353676
edify,2710.6117683686175
micro,2710.821917808219
flour,2711.150684931507
psalm,2711.1793275217933
torso,2711.225404732254
lurch,2711.4607721046077
magic,2711.566313823163
terre,2711.9389788293897
roger,2711.989414694894
grout,2712.036114570361
swath,2712.2602739726026
widen,2712.3580323785804
isaac,2712.4143835616437
unity,2712.9047322540473
wield,2712.93399750934
araby,2712.954234122042
eider,2712.99501867995
human,2713.0563511830637
tudor,2713.2017434620175
fiend,2713.2067247820673
green,2713.672789539228
press,2713.7920298879203
raman,2713.9383561643835
cloth,2714.250622665006
amaze,2714.3555417185553
timon,2714.442092154421
orion,2714.4813200498133
hence,2714.562889165629
hertz,2714.7384806973846
tunis,2714.8645703611455
tanya,2714.9321295143213
pinto,2715.0121419676216
gamut,2715.0202366127023
peter,2715.051369863014
south,2715.093399750934
scout,2715.161892901619
josef,2715.6413449564134
among,2715.6665628891656
lusty,2715.936488169365
knife,2716.206413449564
risky,2716.3947696139476
sleek,2717.074719800747
vitro,2717.4595267745954
apart,2717.57098381071
built,2717.7384806973846
chive,2717.7671232876714
gemma,2717.7895392278956
order,2717.829701120797
layup,2717.937110834371
utter,2718.2602739726026
reese,2718.293897882939
elder,2718.3863636363635
hefty,2718.398505603985
pence,2718.4389788293897
world,2718.6382316313825
shirk,2718.698630136986
monty,2718.753424657534
sever,2718.774595267746
cramp,2718.922789539228
debut,2719.224782067248
staph,2719.568181818182
frank,2719.7185554171856
rabbi,2719.775217932752
thank,2719.930261519303
rebel,2720.0398505603985
tibet,2720.143212951432
balmy,2720.2926525529265
crepe,2720.7783312577835
hurst,2721.054794520548
donna,2721.097135740971
weave,2721.109900373599
brett,2721.118306351183
haiti,2721.1301369863013
yalta,2721.243773349938
beset,2721.472602739726
steed,2721.499377334994
taboo,2721.9629514321296
login,2722.0314445828144
torch,2722.4968866749687
cycle,2722.6139476961393
exult,2722.623910336239
sleep,2722.70703611457
coach,2722.7322540473224
gland,2722.801369863014
runic,2723.2328767123286
venus,2723.5230386052303
lyman,2724.3306351183064
fraud,2724.6805728518057
haydn,2724.9881693648817
taiga,2725.1447696139476
pliny,2725.176836861768
demur,2725.266811955168
krebs,2725.338107098381
viper,2725.4389788293897
valid,2725.5230386052303
silky,2725.5650684931506
greet,2725.904109589041
spiny,2726.3798256537984
arrow,2726.4738480697383
field,2726.681195516812
until,2726.80199252802
venom,2726.8119551681198
jules,2726.845579078456
grass,2727.0479452054797
berry,2727.205790784558
linus,2727.2602739726026
merck,2727.3499377334992
scaup,2727.4657534246576
bassi,2727.5046699875465
molal,2727.569738480697
grata,2727.610523038605
topaz,2727.7403486924036
ivory,2728.007783312578
squat,2728.0171232876714
leper,2728.079701120797
graph,2728.1008717310087
koala,2728.3082191780823
yaqui,2728.3701743462016
dress,2728.402864259029
whorl,2728.549190535492
pious,2728.5977584059774
tyson,2728.9106475716067
burst,2728.9115815691157
marry,2729.059775840598
burma,2729.076899128269
kraft,2729.7431506849316
burly,2729.749377334994
geigy,2729.7932752179327
forty,2729.931506849315
minos,2730.0230386052303
fetus,2730.0753424657532
rodeo,2730.118306351183
baldy,2730.118306351183
scuba,2730.224782067248
plank,2730.387297633873
verse,2730.5516811955167
dwelt,2730.7269613947697
lopez,2730.7347447073475
anvil,2730.7571606475717
alcoa,2730.922478206725
gravy,2730.9520547945203
perry,2731.3318804483188
knurl,2731.5320672478206
slink,2731.7384806973846
betel,2731.785491905355
emile,2732.2842465753424
yacht,2732.5672478206725
verne,2732.8082191780823
whirl,2732.9187422166874
pique,2732.9576587795764
veldt,2733.4383561643835
sheet,2733.458904109589
rabat,2733.527397260274
spilt,2733.5367372353676
helix,2733.629514321295
epoch,2733.686799501868
culpa,2733.8502490660026
belch,2733.9243462017434
shell,2733.940224159402
sieve,2734.5143212951434
petit,2734.695205479452
cilia,2734.8798256537984
garry,2735.054171855542
atlas,2735.0762764632627
cacti,2735.2490660024905
meter,2735.3393524283933
split,2735.5121419676216
epsom,2735.573163138232
charm,2735.673100871731
scala,2735.680261519303
elmer,2735.7680572851805
roost,2735.780199252802
rilly,2735.86799501868
class,2735.8966376089666
arhat,2735.9464508094643
bizet,2735.958904109589
caulk,2736.421232876712
bench,2736.5750311332504
bandy,2736.6002490660026
impel,2736.6002490660026
medic,2736.7372353673723
cooke,2736.9520547945203
sense,2736.9800747198005
plasm,2737.766500622665
feign,2737.931506849315
shaft,2738.365504358655
vogel,2738.5230386052303
sound,2738.6385429638854
fiche,2738.772104607721
shall,2738.886674968867
piece,2738.961394769614
repel,2739.0031133250313
parry,2739.181195516812
bourn,2739.7646326276463
heinz,2739.849315068493
mourn,2739.931506849315
glint,2740.302615193026
bugle,2740.321295143213
rupee,2740.8555417185553
merry,2740.939290161893
bulge,2741.2328767123286
hyper,2741.5476338729763
woman,2741.7045454545455
annex,2741.892901618929
dozen,2742.082503113325
spurn,2742.097135740971
laugh,2742.427459526775
swami,2742.554794520548
alarm,2742.70703611457
canny,2742.7300747198005
hiatt,2742.7926525529265
first,2742.859589041096
welsh,2742.887920298879
chief,2742.9875466998756
solon,2743.1027397260273
lycee,2743.1220423412205
klaus,2743.25498132005
upset,2743.3835616438355
hydra,2743.4053549190535
rheum,2743.4962640099625
clank,2743.6220423412205
elide,2743.676836861768
wrist,2743.831569115816
evict,2743.838729763387
stupa,2743.9221668742216
lykes,2744.071295143213
romeo,2744.1130136986303
barry,2744.7151307596514
awake,2744.9408468244083
brunt,2745.2163760896638
snack,2745.2982565379825
rusty,2745.533312577833
gnash,2746.0158779576586
brass,2746.058530510585
bison,2746.2602739726026
minot,2746.277708592777
wolve,2746.2864259028643
mavis,2746.3776463262766
below,2746.439912826899
styli,2746.4545454545455
basso,2746.455479452055
darry,2746.5208592777085
count,2746.5504358655044
vella,2746.7574719800746
waldo,2746.7621419676216
aloha,2746.9987546699876
local,2747.0367372353676
bland,2747.1388542963887
mango,2747.3953922789538
fetid,2747.4632627646324
tacky,2747.7378580323784
canal,2747.746575342466
pratt,2747.8969489414694
stack,2748.184620174346
gamin,2748.3452677459527
mizar,2748.4271481942715
walsh,2748.56600249066
ester,2749.1494396014946
spume,2749.3063511830637
corps,2749.4520547945203
aroma,2749.5750311332504
anita,2749.6332503113326
derby,2749.7733499377337
dylan,2749.93399750934
xhosa,2750.3094645080946
eight,2750.376712328767
shawl,2750.4349315068494
lamar,2750.456102117061
seedy,2750.551369863014
flesh,2750.59900373599
ethic,2750.845579078456
natty,2750.8589663760895
genie,2751.0448318804483
zesty,2751.077210460772
obese,2751.1170610211707
shank,2751.45703611457
murre,2751.7608966376088
major,2751.928082191781
snafu,2751.967621419676
ghent,2752.2503113325033
crisp,2752.3972602739727
guard,2752.6992528019923
huber,2752.817559153176
shelf,2752.930261519303
chris,2753.081569115816
basis,2753.096201743462
vista,2753.151307596513
bruit,2753.4405354919054
sling,2753.445828144458
tithe,2753.5043586550437
sumac,2753.8399750934
flash,2753.8860523038607
hymen,2754.417808219178
front,2754.6559775840597
deign,2754.768368617684
gouge,2754.8953922789538
eucre,2755.2129514321296
gabon,2755.22602739726
stork,2755.324097135741
bible,2755.5130759651306
exist,2755.56600249066
huron,2755.988792029888
podge,2756.071917808219
bicep,2756.079701120797
drawn,2756.1908468244083
susan,2756.2646326276463
scold,2756.681195516812
slash,2756.719800747198
boric,2756.7733499377337
froze,2756.9349315068494
eerie,2757.159402241594
delft,2757.1693648816936
elect,2757.2182440846823
genre,2757.5121419676216
being,2757.797322540473
friar,2757.8642590286427
spark,2758.2783312577835
query,2758.2988792029887
alvin,2758.7658779576586
libya,2758.7988792029887
admit,2758.9900373599003
threw,2759.1369863013697
graft,2759.2714819427147
seize,2759.483188044832
lethe,2759.4940846824406
tonic,2759.686799501868
tasty,2759.7185554171856
visor,2759.7297633872977
fancy,2759.8194271481943
frost,2759.873287671233
pabst,2759.8754669987547
perch,2760.166874221669
lorry,2760.2552926525527
glove,2760.359900373599
doric,2760.489414694894
radii,2760.8617683686175
vacuo,2760.8897882938977
strip,2761.081569115816
perky,2761.1643835616437
tecum,2761.576899128269
foist,2761.6715442092154
nomad,2761.7372353673723
titan,2762.068493150685
vocal,2762.136674968867
tramp,2762.4115815691157
begin,2762.4875466998756
vogue,2762.6114570361146
loyal,2762.8829389788293
handy,2763.7353673723537
imbue,2763.942403486924
strop,2764.1438356164385
hello,2764.2017434620175
burnt,2764.2419053549193
erect,2764.437110834371
colza,2764.4489414694895
blend,2764.4794520547944
deify,2764.6223536737234
elope,2764.6341843088417
helen,2764.7201120797013
march,2764.967621419676
genus,2765.2608966376088
horus,2765.5037359900375
enter,2765.560398505604
testy,2765.876400996264
totem,2765.8779576587795
clout,2766.109589041096
nasal,2766.958904109589
grove,2767.077210460772
dirty,2767.4968866749687
octet,2767.635118306351
cecil,2767.763387297634
scour,2767.9115815691157
davis,2768.0199252801995
plume,2768.085927770859
worst,2768.1905354919054
hodge,2768.1905354919054
lowry,2768.3667496886674
scrim,2768.47198007472
moses,2768.698630136986
chard,2768.709215442092
annoy,2768.8356164383563
lanky,2769.178082191781
shaky,2769.3088418430884
gonad,2769.467621419676
grand,2769.483810709838
radix,2769.5171232876714
drank,2769.8869863013697
swarm,2770.0426525529265
serve,2770.209215442092
lydia,2770.2269613947697
quern,2770.428393524284
bravo,2770.679638854296
befit,2770.7123287671234
crust,2770.8281444582813
dense,2770.9181195516812
anton,2770.9869240348694
prank,2771.040161892902
burke,2771.1198630136987
there,2771.6369863013697
fiske,2771.92403486924
zazen,2771.9688667496885
erode,2771.9828767123286
preen,2772.2727272727275
issue,2772.4327521793275
cavil,2772.8368617683686
beret,2772.865504358655
thyme,2772.922789539228
tacit,2773.0043586550437
gaffe,2773.1279576587795
jorge,2773.134495641345
shiny,2773.181818181818
simon,2773.532378580324
snout,2773.5753424657532
edith,2773.595890410959
salad,2773.7733499377337
sheen,2773.856787048568
medea,2774.0532378580324
lotus,2774.1027397260273
thief,2774.208592777086
canon,2774.2129514321296
hokan,2774.398816936488
harry,2774.404420921544
shiva,2774.408468244085
auxin,2774.6192403486925
neigh,2774.714819427148
choir,2774.961394769614
adage,2775.0202366127023
parch,2775.121108343711
skirt,2775.2864259028643
grady,2775.2988792029887
blanc,2775.902864259029
adair,2775.914072229141
wrath,2776.1326276463265
bowen,2776.337173100872
taunt,2776.7328767123286
slack,2777.0532378580324
davit,2777.0996264009964
polka,2777.2291407222915
stall,2777.3832503113326
borax,2777.719489414695
brawl,2777.917496886675
tepid,2778.2708592777085
minor,2778.634806973848
storm,2778.8617683686175
ethyl,2778.9673100871732
robin,2779.2475093399753
bowel,2779.2652552926525
liana,2779.6030510585306
spend,2779.983810709838
julia,2779.9844333748442
ducat,2780.0311332503115
fermi,2780.0666251556663
draft,2780.0921544209214
otter,2780.107098381071
sabra,2780.3938356164385
sorry,2780.423412204234
sulfa,2780.430884184309
gorge,2780.516811955168
strom,2780.5177459526776
wolfe,2780.8007471980077
slurp,2781.2023661270237
tempo,2781.204234122042
choke,2781.2453300124535
quasi,2781.3720423412205
foote,2781.397882938979
guest,2781.763698630137
vital,2781.868306351183
lousy,2782.0
under,2782.1559775840597
stoic,2782.431506849315
holst,2782.4595267745954
manic,2782.5504358655044
bonze,2782.6983188044833
harsh,2782.879202988792
purge,2782.884495641345
samoa,2782.890410958904
tally,2782.909402241594
weird,2783.0012453300124
withe,2783.0448318804483
clang,2783.162826899128
batik,2783.3116438356165
trill,2783.3309464508093
pusan,2783.4209215442092
dinah,2783.4856787048566
grasp,2783.5616438356165
natal,2783.577210460772
cowan,2783.6363636363635
drive,2784.6469489414694
scalp,2784.8356164383563
posit,2784.956413449564
sworn,2785.0031133250313
power,2785.2615193026154
haiku,2785.2770859277707
runty,2785.411892901619
drove,2785.5090286425902
drawl,2785.5753424657532
slimy,2785.6027397260273
final,2785.8281444582813
groin,2785.852117061021
ahead,2785.923100871731
sigma,2786.433063511831
franc,2786.5364259028643
video,2786.5563511830637
vicar,2786.7481320049815
drupe,2786.7608966376088
puree,2786.9875466998756
wyner,2787.0205479452056
crank,2787.876712328767
chest,2788.0616438356165
dowel,2788.167808219178
lurid,2788.415628891656
quart,2788.5722291407224
faith,2788.922789539228
levin,2788.956413449564
grist,2789.129514321295
sheer,2789.159402241594
setup,2789.219178082192
crazy,2789.2988792029887
allis,2789.3636363636365
extol,2789.408468244085
hover,2789.677459526775
delhi,2789.711083437111
sperm,2790.2870485678704
troll,2790.3804483188046
women,2790.420298879203
ellis,2790.494396014944
levis,2790.5448318804483
briny,2791.2702366127023
sauna,2791.3016811955167
cress,2791.3527397260273
binge,2791.4445828144458
lemma,2791.450186799502
cleft,2791.5118306351183
latch,2791.522415940224
grief,2791.6173723536735
clasp,2791.8630136986303
midas,2791.9349315068494
elute,2791.9489414694895
prude,2791.9738480697383
blurt,2792.0233499377337
gouda,2792.3938356164385
civet,2792.67901618929
lenny,2792.7023661270237
liven,2792.728829389788
bribe,2792.795765877958
gnome,2792.876712328767
foamy,2793.050124533001
orbit,2793.085305105853
decca,2793.091531755915
seder,2793.2051681195517
tress,2793.26400996264
faust,2793.343711083437
tract,2793.390099626401
twirl,2793.51899128269
angst,2794.199875466999
ecole,2794.2708592777085
brady,2794.489414694894
sport,2794.6793275217933
damon,2794.7285180572853
ouzel,2794.788293897883
china,2794.8729763387296
monad,2794.912826899128
cathy,2794.914694894147
linda,2795.2123287671234
north,2795.2319427148195
focal,2795.236612702366
curve,2795.3502490660026
cotta,2795.4607721046077
hogan,2795.5454545454545
point,2795.6821295143213
court,2795.868306351183
debit,2796.1690535491907
niece,2796.2431506849316
motet,2796.294209215442
siege,2796.47198007472
fresh,2796.6575342465753
poach,2797.0899750934
maria,2797.1018057285182
mecca,2797.648816936488
demon,2797.698630136986
infra,2797.826899128269
sinai,2797.935865504359
belie,2798.044209215442
anglo,2798.0535491905357
candy,2798.17403486924
euler,2798.2627646326277
jason,2798.2627646326277
envoy,2798.3860523038607
pablo,2798.4464508094643
modal,2798.656911581569
hovel,2798.711083437111
nolan,2799.033312577833
white,2799.2590286425902
jonas,2799.327521793275
whine,2799.499377334994
plaid,2799.69302615193
keith,2799.695205479452
abhor,2799.885118306351
crass,2800.018368617684
rhyme,2800.1220423412205
stank,2800.346201743462
swipe,2800.683063511831
heave,2800.818804483188
sloth,2801.109589041096
meier,2801.421232876712
posse,2801.436799501868
janos,2801.45703611457
tulle,2801.5130759651306
rhino,2801.5373599003738
islam,2801.6251556662514
scion,2801.7409713574098
clive,2802.016189290162
lenin,2802.3088418430884
panic,2802.417808219178
elfin,2802.584371108344
dicta,2802.6170610211707
chant,2802.664072229141
cloak,2802.9003735990036
lefty,2802.9623287671234
hinge,2803.4380448318802
guide,2803.60398505604
chide,2803.7702366127023
oxide,2803.7836239103362
adopt,2803.922478206725
usher,2804.2372353673723
prize,2804.3356164383563
ridge,2804.341531755915
chime,2804.4047322540473
prove,2804.4047322540473
bantu,2804.407222914072
brand,2804.50498132005
legal,2804.617683686177
track,2804.898816936488
steel,2805.219178082192
nubia,2805.2599626400997
gules,2805.3306351183064
berne,2805.348692403487
quail,2805.463885429639
adult,2805.5199252801995
habit,2805.915317559153
pedro,2805.9171855541717
overt,2805.923100871731
print,2806.079701120797
lyric,2806.1307596513075
mayst,2806.155666251557
thorn,2806.3309464508093
rural,2806.5828144458283
vault,2806.6326276463265
heine,2806.8991282689913
hadnt,2806.909090909091
linen,2807.076587795766
perth,2807.22602739726
infer,2807.246575342466
briar,2807.3692403486925
globe,2807.763698630137
polis,2807.810087173101
moist,2808.1693648816936
tawny,2808.209838107098
stalk,2808.365193026152
alias,2808.4545454545455
begot,2808.4844333748442
cozen,2808.5102739726026
carry,2808.51400996264
while,2808.5488792029887
pilot,2808.6363636363635
snell,2808.7671232876714
goose,2808.816936488169
clint,2808.920610211706
spoil,2809.2770859277707
pusey,2809.321295143213
talky,2809.565379825654
steen,2809.615504358655
joyce,2809.640410958904
inept,2809.708904109589
flirt,2809.7272727272725
boone,2810.0012453300124
juice,2810.058530510585
della,2810.2213574097136
often,2810.2954545454545
honda,2810.3664383561645
lasso,2810.565691158157
twain,2810.598381070984
yield,2810.650684931507
horny,2810.919676214197
valve,2810.969800747198
clara,2811.574408468244
facto,2811.818804483188
urban,2812.0535491905357
shirt,2812.1699875466998
retch,2812.205479452055
macon,2812.384806973848
wasnt,2812.552926525529
glide,2812.567559153176
askew,2812.675280199253
angry,2812.95703611457
berth,2813.2484433374843
glory,2813.283312577833
cover,2813.426214196762
pasty,2813.435865504359
cabin,2813.4682440846823
coven,2813.561332503113
alloy,2813.5896637608967
axiom,2813.700809464508
perle,2813.818181818182
lunge,2814.0448318804483
claim,2814.1481942714818
lucas,2814.295765877958
torus,2814.4757160647573
agnew,2814.5392278953923
inapt,2814.72602739726
quota,2814.909713574097
flyer,2815.172789539228
waxen,2815.4078455790786
fault,2815.4209215442092
leigh,2815.5118306351183
argus,2815.703611457036
three,2815.801369863014
taxon,2815.8692403486925
spike,2816.013387297634
santa,2816.0868617683686
starr,2816.154420921544
atoll,2816.2020547945203
steer,2816.2179327521794
fargo,2816.3885429638854
lewis,2816.45703611457
estop,2816.8122665006226
clyde,2817.060398505604
craft,2817.184308841843
bilge,2817.30697384807
demit,2817.661892901619
poole,2818.049501867995
chute,2818.0840597758406
owens,2818.154109589041
quiet,2818.3981942714818
swelt,2818.4744707347445
serge,2818.6226650062267
sheik,2818.788293897883
nonce,2818.8253424657532
scene,2818.8546077210462
cosec,2818.881693648817
shako,2818.9975093399753
kiowa,2819.041095890411
bacon,2819.1357409713573
brief,2819.241594022416
addle,2819.346201743462
align,2819.678082191781
antic,2820.224782067248
shark,2820.5884184308843
quite,2820.621108343711
curio,2820.8972602739727
circa,2821.054794520548
sally,2821.1746575342468
harpy,2821.181195516812
erupt,2821.3798256537984
clash,2821.632316313823
shrew,2821.661892901619
bayou,2821.7347447073475
zebra,2821.7509339975095
leave,2821.8664383561645
ileum,2821.986301369863
tenon,2822.343088418431
gluey,2822.4383561643835
enoch,2822.5074719800746
clerk,2822.5242839352427
rivet,2822.574097135741
ervin,2822.618306351183
flute,2822.6746575342468
taint,2822.8630136986303
sisal,2823.0
aural,2823.26400996264
bloke,2823.26899128269
chain,2823.698630136986
depot,2823.7596513075964
dunce,2824.1438356164385
margo,2824.148816936488
scarf,2824.19302615193
forge,2824.1955168119553
elgin,2824.2409713574098
short,2825.143212951432
satan,2825.2353673723537
bryan,2825.305728518057
bella,2825.400684931507
riven,2825.56600249066
start,2825.576587795766
whose,2825.722291407223
crony,2825.8306351183064
wince,2826.606475716065
novel,2826.640722291407
laura,2827.1270236612704
eagan,2827.2157534246576
hasty,2827.366127023661
terry,2827.453300124533
ethos,2827.7350560398504
wrest,2827.941469489415
stony,2828.6410336239105
knead,2828.686799501868
patsy,2828.7431506849316
spree,2829.0535491905357
milan,2829.277397260274
carla,2829.2979452054797
spica,2829.3424657534247
lumen,2829.398505603985
along,2829.430261519303
clove,2829.444271481943
diego,2829.5071606475717
gaunt,2829.562889165629
sonic,2829.8536737235368
crete,2829.9688667496885
splay,2830.22602739726
merle,2830.363325031133
sharp,2830.5127646326277
edict,2830.69800747198
liken,2830.7948318804483
agony,2830.9900373599003
silas,2831.0
turin,2831.0336239103362
apple,2831.123287671233
moore,2831.198630136986
straw,2831.4075342465753
kraut,2831.588729763387
ranch,2831.59900373599
broke,2831.901618929016
moose,2832.1606475716067
grope,2832.27397260274
tangy,2832.3630136986303
piotr,2832.3860523038607
whole,2832.529576587796
corny,2832.5311332503115
hardy,2832.5790784557908
prima,2832.5809464508093
twice,2832.634495641345
armco,2832.7272727272725
clark,2832.7546699875465
mylar,2832.7708592777085
scarp,2832.8841843088417
decry,2832.9327521793275
ceres,2833.402864259029
decor,2833.544209215442
chert,2833.6967621419676
lodge,2833.766811955168
runge,2833.826899128269
label,2833.897882938979
niche,2834.139476961395
crept,2834.1927148194272
tapis,2834.205479452055
bogey,2834.890410958904
mardi,2834.978206724782
whore,2835.0024906600247
garth,2835.211706102117
lisle,2835.4109589041095
broad,2835.445205479452
ruben,2835.4629514321296
screw,2835.467621419676
crawl,2835.6693648816936
scrap,2835.673412204234
shady,2835.742216687422
dirge,2835.9962640099625
rabid,2836.2431506849316
youve,2836.4819427148195
dread,2836.547322540473
klein,2836.958592777086
tense,2836.9956413449563
nehru,2837.6587795765877
rally,2837.7372353673723
adele,2837.940224159402
wylie,2837.9663760896638
scald,2838.5890410958905
allot,2838.60398505604
palsy,2838.60398505604
tarry,2838.6254669987547
okapi,2838.6849315068494
luger,2838.983810709838
niger,2839.1360523038607
negro,2839.2870485678704
knelt,2839.3082191780823
glans,2839.5753424657532
erwin,2839.700498132005
spoke,2839.931506849315
rangy,2840.036114570361
barth,2840.474782067248
stahl,2840.477584059776
pulse,2840.6363636363635
bruce,2840.6519302615193
bryce,2840.821917808219
supra,2841.02397260274
prado,2841.1332503113326
avoid,2841.246575342466
shove,2841.3206724782067
pansy,2841.4828767123286
credo,2841.687422166874
total,2841.7568493150684
probe,2841.7770859277707
haunt,2841.9947073474473
model,2842.048567870486
chart,2842.093088418431
macro,2842.1136363636365
stoat,2842.2652552926525
altar,2842.3773349937733
priam,2842.6463262764632
wotan,2842.698630136986
crude,2843.027708592777
julie,2843.617683686177
abbey,2843.725093399751
cetus,2843.8636363636365
splat,2843.8916562889167
elsie,2844.252801992528
hasnt,2844.2864259028643
loess,2844.3499377334992
rapid,2844.4171855541717
stark,2844.5115193026154
lapel,2844.7157534246576
grime,2844.8561643835615
claus,2845.1578455790786
louis,2845.3658156911583
croak,2845.419676214197
elite,2845.4520547945203
amity,2845.560398505604
locke,2845.6257783312576
quote,2845.6425902864257
basic,2845.717621419676
reave,2845.7979452054797
swirl,2846.441469489415
gavel,2846.5616438356165
alsop,2846.6080323785804
title,2846.698630136986
sudan,2846.854296388543
gripe,2846.903798256538
edgar,2847.1917808219177
covet,2847.2135740971357
sleet,2847.430884184309
ovary,2847.671232876712
twine,2847.742216687422
guano,2847.790784557908
marcy,2848.129202988792
cyril,2848.4968866749687
tuple,2848.656288916563
saxon,2848.6737235367373
swain,2848.750622665006
jones,2848.7540473225404
diode,2848.9003735990036
strap,2849.080323785803
volta,2849.1609589041095
penna,2849.286114570361
leery,2849.324408468244
akron,2849.4763387297635
logan,2849.555728518057
scram,2850.0753424657532
synge,2850.129514321295
sarah,2850.332503113325
tower,2850.3804483188046
dewar,2850.4190535491907
myers,2850.6217310087172
feint,2850.6425902864257
spiro,2851.2680572851805
panty,2851.338107098381
wiley,2851.7646326276463
crore,2851.822540473225
spent,2851.8561643835615
other,2851.9489414694895
noisy,2852.2104607721044
glaze,2852.348692403487
uncle,2852.6046077210462
eager,2852.6251556662514
yokel,2852.7257160647573
pecos,2852.876712328767
babel,2852.973225404732
aware,2853.036114570361
amigo,2853.0535491905357
faint,2853.087484433375
stagy,2853.2714819427147
cobra,2853.5180572851805
owlet,2853.6027397260273
slept,2853.705790784558
betsy,2853.9716687422165
joule,2854.07098381071
slang,2854.205479452055
silty,2854.2727272727275
snark,2854.50498132005
about,2854.548567870486
sneer,2854.6917808219177
smoke,2854.8782689912828
nodal,2854.9959526774596
bride,2855.049813200498
daunt,2855.156911581569
tango,2855.300124533001
wacke,2855.46699875467
kruse,2855.582191780822
tidal,2856.080323785803
rumen,2856.1681195516812
randy,2856.189290161893
hiram,2856.2836239103362
foyer,2856.3166251556663
theta,2856.338107098381
wreak,2856.5554171855542
waken,2856.7160647571604
waist,2856.756226650062
tweak,2856.8088418430884
wafer,2856.8524283935244
lemur,2856.8916562889167
yoder,2857.0398505603985
acrid,2857.059775840598
warty,2857.135118306351
decoy,2857.140099626401
hoagy,2857.1793275217933
sousa,2857.3536737235368
larry,2857.4632627646324
chaos,2857.590286425903
beryl,2857.780821917808
bluet,2857.8082191780823
blest,2858.1130136986303
giant,2858.1693648816936
algae,2858.2789539227897
utica,2858.3670610211707
rhode,2858.706102117061
braun,2858.848692403487
blast,2859.0012453300124
tiger,2859.047322540473
tinge,2859.32098381071
filet,2859.631070983811
marsh,2859.654420921544
rhoda,2859.6889788293897
percy,2859.871108343711
ouvre,2859.92901618929
trend,2859.9439601494396
shant,2860.2652552926525
swart,2860.2842465753424
mayor,2860.45703611457
marco,2860.568181818182
aloud,2860.593088418431
anion,2861.1102117061023
lucia,2861.3574097135743
cider,2861.4962640099625
scorn,2861.5227272727275
carob,2861.80697384807
felon,2861.876712328767
ebony,2862.0052926525527
tamil,2862.1158156911583
aloft,2862.3698630136987
erich,2862.3975716064756
brash,2862.4143835616437
board,2862.4237235367373
eldon,2862.4819427148195
circe,2863.1058530510586
organ,2863.1793275217933
braid,2863.2842465753424
amend,2863.4209215442092
toast,2863.4595267745954
gleam,2863.5158779576586
berra,2863.6061643835615
skein,2864.0535491905357
tiber,2864.0784557907846
stand,2864.1248443337486
emily,2864.349315068493
bract,2864.683063511831
blaze,2864.695205479452
bleak,2864.904109589041
pride,2864.9131382316314
sugar,2865.2475093399753
cigar,2865.3060398505604
super,2865.3424657534247
copra,2865.5672478206725
irene,2866.027397260274
terse,2866.429638854296
rival,2866.612079701121
prime,2866.6718555417187
james,2866.719178082192
errol,2866.8835616438355
trite,2867.019613947696
paper,2867.1030510585306
gases,2867.4626400996262
cabot,2867.7932752179327
thule,2868.183063511831
aaron,2868.2764632627645
ralph,2868.5102739726026
mural,2868.821917808219
naked,2868.931818181818
eagle,2869.011207970112
nobel,2869.1917808219177
argon,2869.2988792029887
latus,2869.423412204234
dulse,2869.634806973848
petri,2870.0068493150684
yodel,2870.1301369863013
penis,2870.156288916563
mercy,2870.208592777086
dirac,2870.318804483188
truly,2870.4567247820673
boyar,2870.719489414695
pauli,2870.8698630136987
stove,2871.019613947696
plain,2871.0214819427147
mason,2871.1114570361146
sinew,2871.23599003736
ladle,2871.5127646326277
miaow,2871.6217310087172
amber,2871.656288916563
acton,2871.7571606475717
story,2871.794520547945
inlay,2871.961394769614
detat,2871.9878580323784
broil,2872.0582191780823
trait,2872.074097135741
aztec,2872.4595267745954
crash,2872.5376712328766
diety,2872.577210460772
giles,2872.6463262764632
spain,2872.795765877958
cheap,2872.8953922789538
reich,2872.941469489415
badge,2873.0622665006226
kline,2873.1301369863013
cache,2873.28300124533
tulsa,2873.4682440846823
freon,2873.594333748443
towel,2873.6438356164385
boris,2873.8194271481943
solid,2873.8586550435866
brest,2874.026774595268
simla,2874.247820672478
salvo,2874.5479452054797
susie,2874.7820672478206
doris,2875.118929016189
mince,2875.5130759651306
toefl,2875.664694894147
freak,2876.0398505603985
reign,2876.1301369863013
draco,2876.156911581569
audit,2876.404109589041
beaux,2876.5317559153177
staid,2876.9651307596514
aorta,2877.1058530510586
lagos,2877.35398505604
marty,2877.4626400996262
token,2877.4891033623912
irony,2877.747198007472
buteo,2877.9003735990036
cohen,2878.0130759651306
clime,2878.29701120797
chile,2878.4436488169363
agate,2879.0292652552926
piety,2879.076899128269
basin,2879.2341220423414
norma,2879.3524283935244
party,2879.7571606475717
spray,2879.7621419676216
ulcer,2880.044520547945
octal,2880.1494396014946
buret,2880.481631382316
craig,2880.493773349938
olden,2880.494396014944
serum,2880.599315068493
plead,2881.045765877958
apron,2881.068493150685
hazel,2881.1363636363635
loamy,2881.3082191780823
hines,2881.4626400996262
paean,2881.7269613947697
chine,2881.7565379825655
extra,2881.832191780822
boyce,2881.8686176836864
peace,2881.9115815691157
abase,2881.950809464508
ernie,2882.1369863013697
cargo,2882.1369863013697
debra,2882.3673723536735
sprue,2882.569115815691
idaho,2882.72602739726
movie,2882.8082191780823
graze,2882.873287671233
float,2882.8857409713573
talus,2883.0024906600247
heath,2883.0320672478206
guise,2883.0448318804483
speak,2883.1911581569116
phone,2883.2051681195517
koran,2883.257783312578
medal,2883.3072851805728
dolan,2883.4794520547944
brute,2883.6226650062267
noose,2883.746575342466
grave,2883.9981320049815
horde,2884.1500622665008
baton,2884.1743462017434
purse,2884.194271481943
amble,2884.20298879203
brent,2884.227895392279
guile,2884.310087173101
spice,2884.392901618929
moyer,2884.4417808219177
began,2884.5376712328766
grant,2884.5538605230386
trawl,2884.8723536737234
elena,2884.8869863013697
shard,2884.9707347447074
lotte,2885.0068493150684
abate,2885.0572851805728
coupe,2885.0996264009964
smelt,2885.241594022416
roach,2885.26899128269
debar,2885.2702366127023
aleck,2885.685242839352
berea,2885.818493150685
larch,2886.085927770859
shred,2886.1145703611455
quake,2886.662826899128
spite,2886.699875466999
lemon,2886.823163138232
flake,2886.940224159402
byrne,2886.964508094645
swine,2887.090597758406
ample,2887.2512453300124
viral,2887.301369863014
nadir,2887.3941469489414
roman,2887.42403486924
fiery,2887.5373599003738
equal,2887.733499377335
baird,2887.75
trash,2888.190224159402
leone,2888.282378580324
groan,2888.3860523038607
adept,2888.688667496887
write,2889.0024906600247
pedal,2889.084682440847
plant,2889.26899128269
regis,2889.461394769614
paulo,2889.5031133250313
tardy,2889.6108343711085
wrote,2889.7652552926525
plait,2889.9813200498133
sandy,2890.054794520548
adorn,2890.126089663761
smart,2890.671232876712
surly,2890.8281444582813
miles,2890.9181195516812
carib,2891.1245330012453
deity,2891.3608343711085
abort,2891.4383561643835
saran,2891.5255292652555
force,2891.538916562889
deane,2891.7596513075964
chair,2891.9246575342468
metro,2892.3885429638854
emory,2892.445205479452
their,2892.590909090909
rouge,2892.6301369863013
rogue,2892.780821917808
paint,2892.942092154421
wheat,2893.1055417185553
ripen,2893.440224159402
fecal,2893.6102117061023
livre,2893.6201743462016
basil,2893.620797011208
unary,2894.2328767123286
servo,2894.2979452054797
phage,2894.302615193026
menlo,2894.560398505604
haven,2894.6575342465753
nasty,2894.8480697384807
dream,2895.252179327522
scope,2895.3066625155666
agree,2895.3518057285182
bowie,2895.7845579078457
scant,2895.837484433375
remit,2896.1877334993774
peale,2896.2328767123286
douce,2896.2736612702365
noble,2896.311332503113
helga,2896.3150684931506
faber,2896.5594645080946
inset,2897.0149439601496
bread,2897.0199252801995
brave,2897.2671232876714
gnarl,2897.3356164383563
break,2897.573163138232
rabin,2897.576587795766
loose,2897.6718555417187
scaly,2897.7671232876714
savoy,2898.225404732254
passe,2898.276774595268
oscar,2898.4956413449563
rifle,2898.6749688667496
canis,2898.758405977584
prune,2898.7876712328766
manor,2899.2531133250313
chore,2899.755603985056
chose,2899.8365504358653
radon,2899.8770236612704
today,2900.013698630137
asset,2900.068493150685
exact,2900.143212951432
mabel,2900.2428393524283
foley,2900.5158779576586
amort,2900.569738480697
brant,2900.804794520548
rigel,2901.177459526775
surge,2901.714819427148
goren,2901.799501867995
inter,2902.2951432129516
venal,2902.2979452054797
saudi,2902.519302615193
amino,2902.6245330012453
chafe,2902.6425902864257
olive,2902.7322540473224
ponce,2902.8010585305105
beman,2902.837795765878
bream,2903.2503113325033
hoard,2903.5108966376088
plato,2903.519302615193
doyle,2903.5582191780823
peach,2903.5728518057285
flame,2903.645703611457
actor,2903.7297633872977
snort,2903.763387297634
kenya,2903.7652552926525
melon,2903.9265255292653
grain,2903.9489414694895
beach,2904.134495641345
acorn,2904.253424657534
tapir,2904.318181818182
essay,2904.4738480697383
tribe,2904.489414694894
snipe,2904.805728518057
degas,2905.0448318804483
henri,2905.3253424657532
anent,2905.554794520548
boyle,2905.7135740971357
lobar,2905.8150684931506
glade,2905.8328144458283
lithe,2906.0242839352427
loeil,2906.1058530510586
foray,2906.6089663760895
texas,2906.6936488169363
thine,2906.6936488169363
matte,2906.8007471980077
singe,2906.8742216687424
meson,2906.9445828144458
comet,2907.2173100871732
somal,2907.567559153176
brice,2907.650684931507
bloat,2907.6917808219177
stoke,2907.8742216687424
pease,2907.8969489414694
fable,2908.030821917808
scent,2908.1382316313825
chloe,2908.176836861768
tilde,2908.478829389788
stacy,2908.6877334993774
flora,2908.8082191780823
viola,2908.9059775840597
islet,2909.2951432129516
blake,2909.8082191780823
voice,2910.0149439601496
navel,2910.2742839352427
pupae,2910.332191780822
avert,2910.3835616438355
gauge,2910.5554171855542
spine,2910.7067247820673
crime,2910.7699252801995
gloat,2910.81600249066
gauze,2910.9190535491907
vague,2910.9701120797013
intra,2911.0177459526776
saucy,2911.455479452055
aleph,2911.456413449564
price,2911.6142590286427
moran,2911.77801992528
allen,2911.9193648816936
evans,2911.945205479452
maybe,2912.1195516811954
libra,2912.480386052304
bator,2912.8854296388545
inert,2912.935242839352
decal,2912.9763387297635
tripe,2913.1575342465753
csnet,2913.6908468244083
halve,2914.0700498132005
triad,2914.2624533001244
smite,2914.779576587796
gable,2914.788293897883
baron,2915.052615193026
miser,2915.087173100872
argot,2915.4059775840597
marin,2915.59900373599
those,2915.59900373599
drain,2915.694271481943
toady,2915.986301369863
texan,2916.0087173100874
forte,2916.469178082192
peony,2916.597135740971
whale,2916.6167496886674
canto,2916.647882938979
dolce,2916.7481320049815
flair,2916.7758405977584
podia,2916.916874221669
exalt,2916.9551681195517
oasis,2917.4897260273974
gator,2917.607721046077
beard,2917.6164383561645
naomi,2917.8060398505604
blade,2917.8424657534247
baden,2918.0012453300124
peaky,2918.6690535491907
moser,2918.703611457036
swore,2918.838107098381
latin,2919.054794520548
italy,2919.473225404732
ounce,2919.48599003736
angel,2919.6061643835615
merit,2919.8785803237856
henry,2919.9003735990036
mauve,2920.0610211706103
truce,2920.104296388543
style,2920.126712328767
brian,2920.348692403487
mouse,2920.4962640099625
arena,2920.6226650062267
stain,2920.7652552926525
surah,2920.7686799501867
rater,2920.793897882939
heavy,2920.810398505604
monel,2920.8941469489414
solve,2921.4327521793275
serif,2921.72602739726
worse,2922.043586550436
costa,2922.123287671233
parsi,2922.2397260273974
tansy,2922.2951432129516
verna,2922.6849315068494
easel,2922.768368617684
unite,2923.047322540473
frail,2923.097135740971
eater,2923.1139476961393
poesy,2923.118306351183
soapy,2923.706102117061
mange,2923.769302615193
boast,2923.7920298879203
begat,2924.2328767123286
hagen,2924.357098381071
velar,2924.8969489414694
entry,2924.912826899128
barre,2924.931506849315
loath,2925.041095890411
anger,2925.065379825654
karol,2925.095890410959
blame,2925.161892901619
fairy,2925.2322540473224
posey,2925.271170610212
lucre,2925.321917808219
sheaf,2925.4190535491907
money,2925.719178082192
terra,2926.0784557907846
smile,2926.317559153176
daisy,2926.3835616438355
molar,2926.412204234122
brain,2926.8748443337486
calve,2926.975093399751
stein,2927.0622665006226
treat,2927.3673723536735
crest,2927.554171855542
beady,2927.8546077210462
heron,2928.5367372353676
waive,2928.694271481943
creak,2928.9103362391033
grade,2928.972602739726
groat,2929.26400996264
vance,2929.2671232876714
latex,2929.2839352428396
hotel,2929.400684931507
raven,2929.654109589041
drone,2929.7023661270237
auric,2929.9171855541717
mitre,2929.992216687422
tater,2930.074097135741
shoal,2930.159090909091
motel,2930.609589041096
maple,2930.8306351183064
diary,2930.901618929016
cruel,2930.931506849315
niobe,2931.7870485678704
inlet,2932.3038605230386
moral,2932.3530510585306
alley,2932.5099626400997
eaten,2932.753424657534
hanoi,2932.950186799502
drake,2933.290161892902
sepoy,2934.0261519302617
douse,2934.06600249066
ankle,2934.1481942714818
april,2934.22198007472
brine,2934.2948318804483
astor,2934.5516811955167
utile,2934.6463262764632
frame,2934.953300124533
paris,2935.0924657534247
caleb,2935.095890410959
peril,2935.1027397260273
shine,2935.219178082192
freya,2935.3032378580324
relic,2935.340909090909
avery,2935.382316313823
versa,2935.7378580323784
glean,2935.9075342465753
omega,2936.3356164383563
crave,2936.3636363636365
shave,2936.3698630136987
satyr,2936.390722291407
brake,2936.780821917808
creon,2936.790161892902
above,2936.8284557907846
onset,2937.044520547945
craze,2937.2490660024905
house,2937.436488169365
sober,2937.73599003736
tracy,2937.7979452054797
ravel,2937.9221668742216
smote,2938.0
ultra,2938.197384806974
pecan,2938.280199252802
sault,2938.3300124533002
sidle,2938.612702366127
hager,2939.054171855542
emacs,2939.5840597758406
agent,2939.698630136986
akers,2939.774595267746
snail,2939.8841843088417
grape,2939.950186799502
monte,2940.068493150685
porte,2940.071606475716
fovea,2940.3782689912828
nepal,2940.549190535492
slime,2940.70298879203
curse,2941.158468244085
slope,2941.7101494396015
angle,2942.140410958904
alden,2942.285803237858
scary,2942.763387297634
alton,2942.8082191780823
rhine,2942.832191780822
abner,2942.8630136986303
honey,2943.2783312577835
elton,2943.4984433374843
tyler,2943.607721046077
slide,2943.678704856787
leach,2943.698630136986
polar,2943.7048567870484
agnes,2944.165628891656
lunar,2944.277397260274
drape,2944.39601494396
death,2944.4959526774596
water,2944.9900373599003
grail,2945.02801992528
prone,2945.08499377335
gorse,2945.140099626401
piano,2945.161892901619
torah,2945.2431506849316
morel,2945.2677459526776
prose,2945.442092154421
steak,2945.746575342466
leafy,2945.7820672478206
fetal,2946.26899128269
satin,2946.3144458281445
sweat,2946.409713574097
swear,2946.9632627646324
image,2946.972602739726
spore,2947.795765877958
sneak,2947.904109589041
ethan,2948.269302615193
aspen,2948.2839352428396
spire,2948.382316313823
media,2948.602117061021
adler,2949.032378580324
curia,2949.064757160648
ideal,2949.2646326276463
stave,2949.294520547945
cream,2949.301369863014
tioga,2949.3910336239105
borne,2949.478206724782
dairy,2949.5080946450807
delay,2949.7244707347445
spade,2949.7272727272725
shari,2949.868929016189
trans,2950.2864259028643
janet,2950.3082191780823
leila,2950.626400996264
royce,2950.904109589041
barge,2950.950809464508
leaky,2951.180261519303
carve,2951.2272727272725
heard,2951.328767123288
parke,2951.7671232876714
stray,2952.359277708593
andes,2952.564757160648
cedar,2952.9109589041095
camel,2953.194271481943
cheat,2953.288916562889
salty,2953.613325031133
ernst,2953.6301369863013
elate,2953.6911581569116
taste,2953.794520547945
jaime,2953.8869863013697
tenor,2954.030821917808
blair,2954.3558530510586
decay,2954.3608343711085
stern,2954.4299501867995
state,2954.4545454545455
laity,2954.5865504358653
hades,2954.6637608966375
laden,2954.7733499377337
fahey,2955.1961394769614
slant,2955.231631382316
steam,2955.272415940224
stile,2955.581569115816
heady,2955.7269613947697
greta,2955.7459526774596
lease,2956.057907845579
coast,2956.5828144458283
valet,2956.813200498132
nurse,2957.0037359900375
wayne,2957.078767123288
slain,2957.3686176836864
azure,2957.889476961395
regal,2958.167808219178
inure,2958.2341220423414
keats,2958.291095890411
awoke,2958.5171232876714
ilona,2958.655666251557
arson,2959.0102739726026
clone,2959.2434620174345
alder,2959.2540473225404
tread,2959.39601494396
alger,2959.4417808219177
phase,2959.547322540473
place,2959.752801992528
morse,2960.006226650062
padre,2960.087173100872
teach,2960.1631382316314
inane,2960.39601494396
cairn,2960.6771481942715
suite,2961.027397260274
saint,2961.03300124533
amide,2961.112079701121
tonal,2961.2294520547944
andre,2961.450809464508
caper,2961.450809464508
coset,2961.752801992528
erase,2961.752801992528
alive,2961.876712328767
abide,2961.912204234122
reach,2962.161892901619
tease,2962.2428393524283
shone,2962.3150684931506
cable,2962.6849315068494
royal,2962.8424657534247
facet,2962.9688667496885
olsen,2962.9701120797013
harem,2963.1419676214196
cease,2963.381070983811
sloan,2963.526774595268
delta,2963.972602739726
adobe,2964.043586550436
galen,2964.3150684931506
great,2964.53798256538
penal,2964.711083437111
slave,2964.8972602739727
talon,2964.958904109589
biota,2965.2559153175594
annie,2965.912515566625
stead,2966.05697384807
santo,2966.285491905355
abode,2966.6438356164385
arden,2966.8306351183064
coney,2967.0174346201743
shake,2967.1955168119553
buena,2967.211706102117
stair,2967.6136363636365
feast,2967.8686176836864
since,2968.2490660024905
value,2968.3530510585306
slice,2968.5118306351183
shape,2968.6245330012453
patio,2968.633872976339
bathe,2969.027397260274
risen,2969.2658779576586
lange,2969.5890410958905
hyena,2969.594333748443
train,2969.722291407223
septa,2969.931506849315
waste,2969.961394769614
hairy,2970.189912826899
crone,2970.285491905355
aiken,2970.5059153175594
sofia,2970.6416562889167
youre,2970.655666251557
taken,2970.917808219178
seoul,2971.076899128269
petal,2971.382316313823
mayer,2971.3885429638854
karen,2971.618929016189
taper,2971.7770859277707
lager,2971.969178082192
louse,2972.0158779576586
ashen,2972.165628891656
coral,2972.322540473225
paoli,2972.343088418431
horse,2972.70298879203
daley,2972.705479452055
carlo,2972.7708592777085
sepal,2972.912515566625
gates,2973.1102117061023
spear,2973.1855541718555
metal,2973.425280199253
close,2973.6117683686175
auger,2973.902864259029
dater,2974.0460772104607
shire,2974.2179327521794
loris,2974.2297633872977
hague,2974.4109589041095
dance,2974.9875466998756
naive,2975.5
shore,2975.587173100872
salon,2975.7272727272725
asher,2975.9987546699876
weary,2976.0065379825655
usage,2976.072540473225
urine,2976.6245330012453
pleat,2976.780821917808
mater,2976.9657534246576
bleat,2977.0946450809465
pater,2977.7571606475717
route,2977.80697384807
selma,2978.1282689912828
range,2978.195828144458
curie,2978.2786425902864
shame,2978.331569115816
abuse,2979.198630136986
mealy,2979.417808219178
seton,2979.4246575342468
delia,2980.041095890411
basel,2980.1220423412205
carol,2980.5043586550437
stake,2981.0068493150684
leapt,2981.120797011208
amuse,2981.168430884184
bater,2981.2649439601496
salle,2981.3897882938977
grace,2981.440224159402
vitae,2981.557907845579
realm,2981.6108343711085
notre,2982.1285803237856
panel,2982.4445828144458
salve,2982.640099626401
syria,2982.6799501867995
score,2982.7020547945203
farce,2982.9763387297635
brace,2983.066313823163
snake,2983.077210460772
rainy,2983.1662515566627
ready,2983.4109589041095
space,2983.417808219178
corey,2983.5753424657532
false,2983.8091531755917
rouse,2983.843399750934
neath,2983.867683686177
lapse,2984.26400996264
smear,2984.321917808219
clean,2985.0616438356165
stone,2985.301369863014
flare,2985.455790784558
angie,2985.458281444583
shade,2985.826899128269
chase,2986.154109589041
agile,2987.184308841843
maser,2987.400684931507
paste,2987.7876712328766
rosen,2988.013698630137
hater,2988.074097135741
stage,2988.1665628891656
store,2988.654420921544
stole,2988.9626400996262
skate,2989.1438356164385
eclat,2989.2727272727275
beast,2990.080323785803
roast,2990.13200498132
opera,2990.305728518057
spate,2990.3869863013697
aster,2990.400684931507
raoul,2990.6475716064756
dealt,2990.6475716064756
slake,2990.7456413449563
faery,2991.090909090909
rinse,2991.6226650062267
grate,2991.7932752179327
payne,2991.969489414695
cadre,2992.7328767123286
radio,2992.8835616438355
suave,2992.929638854296
cagey,2993.3004358655044
earth,2993.403486924035
plane,2993.4171855541717
trade,2993.435865504359
pearl,2994.486301369863
alike,2994.486301369863
cadet,2995.849315068493
eliot,2996.0507471980077
trial,2996.2552926525527
leroy,2996.4769613947697
haste,2996.705479452055
argue,2996.901618929016
sedan,2997.2602739726026
leash,2997.602117061021
oases,2997.774595267746
sonar,2997.793897882939
glare,2997.9794520547944
audio,2998.3558530510586
genoa,2998.8938356164385
aegis,2999.5242839352427
riley,2999.5896637608967
duane,2999.6301369863013
snarl,2999.7073474470735
blare,2999.8857409713573
meant,3000.0454545454545
table,3000.120797011208
hayes,3000.4657534246576
bauer,3000.9626400996262
clear,3001.205479452055
mario,3001.323785803238
large,3001.5890410958905
plate,3002.079701120797
meaty,3002.2702366127023
dante,3002.3583437110833
novae,3002.4495641344956
baste,3002.901618929016
trail,3003.054794520548
heart,3003.0753424657532
salem,3003.118929016189
maori,3004.3524283935244
moire,3006.027397260274
senor,3006.0460772104607
poise,3006.118306351183
spare,3006.983188044832
loren,3006.9940846824406
oaken,3007.022415940224
doria,3007.123287671233
lathe,3007.1905354919054
steal,3007.810087173101
boise,3007.922789539228
ovate,3008.6643835616437
norse,3008.8356164383563
healy,3009.008405977584
anode,3009.058530510585
pause,3010.060398505604
aides,3010.3583437110833
haley,3010.829701120797
sable,3010.9701120797013
ayers,3011.5
osier,3011.901618929016
cleat,3012.0
seamy,3012.071606475716
shear,3012.1332503113326
ocean,3012.285180572852
agone,3012.3938356164385
snore,3013.219178082192
cater,3013.318493150685
manse,3013.356475716065
siren,3014.0834371108344
celia,3014.224782067248
lance,3015.0024906600247
cameo,3015.560087173101
yeats,3015.873287671233
yates,3015.873287671233
arent,3016.0336239103362
parse,3016.6248443337486
afire,3016.8854296388545
adore,3017.2705479452056
diane,3017.406600249066
aside,3018.3785803237856
scale,3020.436799501868
haney,3020.9660647571604
aesop,3021.063511830635
sepia,3021.458281444583
solar,3022.5024906600247
zaire,3022.601494396015
shale,3023.066936488169
aerie,3023.2484433374843
yeast,3023.321917808219
waite,3023.4059775840597
renal,3023.59900373599
acute,3023.9825653798257
korea,3024.777397260274
katie,3025.0392278953923
yearn,3025.8801369863013
least,3026.094333748443
alter,3026.277397260274
alice,3026.864881693649
oshea,3027.876712328767
crane,3028.083125778331
cairo,3028.5214819427147
noise,3028.9685554171856
trace,3029.5
clare,3031.2568493150684
ratio,3031.2988792029887
alert,3032.1061643835615
later,3033.6027397260273
alien,3033.6861768368617
crate,3033.753424657534
maine,3034.819115815691
paine,3035.082191780822
stale,3036.1550435865506
mateo,3036.598692403487
caste,3036.6983188044833
caret,3036.7123287671234
stare,3038.079701120797
share,3038.4047322540473
learn,3038.574097135741
arlen,3039.788293897883
carne,3041.942092154421
maier,3042.0563511830637
carte,3042.3527397260273
scare,3042.4919053549193
lares,3045.0286425902864
casey,3045.1413449564134
cause,3047.0423412204236
erato,3047.672478206725
adieu,3048.8972602739727
anise,3049.310398505604
slate,3050.5899750934
snare,3050.8016811955167
loire,3051.876089663761
aisle,3052.280821917808
siena,3052.461706102117
caine,3052.9171855541717
ohare,3053.4221668742216
leona,3055.060398505604
carey,3056.198630136986
eaton,3056.4679327521794
irate,3057.038605230386
marie,3057.9794520547944
sauce,3060.6413449564134
sadie,3062.360523038605
artie,3062.5158779576586
saute,3064.0037359900375
alone,3065.544209215442
orate,3066.318181818182
tahoe,3066.464508094645
canoe,3067.3910336239105
atone,3069.185865504359
aires,3071.6251556662514
arose,3073.615193026152
aries,3076.0074719800746
arise,3080.897882938979
raise,3088.1382316313825
